time,open,high,low,close,volume
1576713600.0,7140.0,7140.0,7140.0,7140.0,0.00429554
1576800000.0,7112.8,7832.0,7112.8,7186.9,1.15254726
1576886400.0,7183.0,7183.0,7050.0,7132.1,6.58549942
1576972800.0,7123.7,7489.5,7123.7,7489.5,5.34243747
1577059200.0,7526.4,7667.5,6666.1,7325.6,14.02647699
1577145600.0,7308.1,7579.9,7150.0,7235.2,7.7809133699999995
1577232000.0,7240.0,7349.9,7004.7,7188.9,6.72374747
1577318400.0,7199.5,7579.9,6075.3,7229.6,16.87632604
1577404800.0,7209.1,7263.3,7121.6,7263.3,10.98163089
1577491200.0,7314.0,7700.8,7278.4,7314.6,4.73741946
1577577600.0,7314.6,7536.0,7120.0,7403.1,11.84539088
1577664000.0,7379.0,7449.9,7208.1,7236.0,9.58188592
1577750400.0,7249.4,7299.8,7133.0,7180.9,22.10114343
1577836800.0,7181.0,7331.5,7180.9,7229.0,3.05347529
1577923200.0,7201.2,7279.2,6941.9,6972.1,9.0644629
1578009600.0,6942.4,7400.0,6942.4,7316.4,19.72361032
1578096000.0,7345.2,7372.7,7301.5,7346.4,2.62569662
1578182400.0,7355.9,7495.0,7323.7,7323.7,16.28533723
1578268800.0,7362.8,7746.3,7362.8,7746.3,12.45713964
1578355200.0,7835.0,8200.0,7781.4,8151.5,22.74769758
1578441600.0,8200.0,8445.0,7385.0,8117.0,15.01313721
1578528000.0,8053.9,8121.9,7700.2,7828.7,17.75797912
1578614400.0,7828.7,8200.9,7695.5,8086.5,8.38490807
1578700800.0,8173.3,8251.0,7489.8,8073.7,10.60291272
1578787200.0,7956.3,8170.6,7950.2,8117.1,3.78966131
1578873600.0,8173.2,8185.8,8021.5,8115.0,3.50197747
1578960000.0,8194.1,8876.5,8194.1,8843.4,20.97728226
1579046400.0,8756.1,8900.0,8628.3,8850.0,14.68875729
1579132800.0,8751.2,8770.0,8566.7,8708.7,17.31935036
1579219200.0,8712.9,9010.0,8712.9,8908.7,13.86288418
1579305600.0,8888.6,8961.5,8835.0,8961.5,7.22768468
1579392000.0,8944.2,9181.7,8051.0,8648.9,29.08199399
1579478400.0,8721.1,8721.1,8558.8,8699.6,25.36879398
1579564800.0,8637.7,8779.4,8536.2,8757.5,11.21671573
1579651200.0,8718.1,8854.9,8611.2,8675.3,10.806891779999999
1579737600.0,8590.0,8604.5,8292.1,8417.2,11.5774717
1579824000.0,8386.8,8516.5,8261.0,8444.0,9.9182936
1579910400.0,8440.1,8440.1,8251.0,8362.8,11.56733721
1579996800.0,8334.0,8613.3,8334.0,8593.1,3.8625836700000002
1580083200.0,8619.4,8980.5,8578.1,8901.0,24.229844
1580169600.0,8970.7,9400.0,8825.1,9372.7,11.08945562
1580256000.0,9388.9,9445.2,9144.5,9301.0,9.48734359
1580342400.0,9301.0,9580.0,9158.7,9569.8,14.26921207
1580428800.0,9511.5,9511.5,9239.1,9353.2,11.76387971
1580515200.0,9408.6,9425.0,9324.3,9380.8,4.46454672
1580601600.0,9353.0,9481.7,9175.0,9355.3,15.79954493
1580688000.0,9325.0,9600.0,9200.0,9307.7,30.430821220000002
1580774400.0,9311.0,9600.0,9101.0,9210.4,28.24017655
1580860800.0,9215.0,9716.8,9188.0,9648.8,8.518857389999999
1580947200.0,9560.8,9850.0,9542.8,9755.9,24.86164246
1581033600.0,9817.0,9892.0,9746.5,9768.0,19.1481345
1581120000.0,9786.2,9920.0,9684.7,9897.7,6.77698222
1581206400.0,9913.2,10159.9,9806.3,10126.7,10.57796433
1581292800.0,10185.3,10200.4,9650.0,9877.1,10.6440338
1581379200.0,9819.9,10317.3,9732.7,10207.1,19.39839311
1581465600.0,10249.0,10425.0,9551.1,10336.1,28.48924504
1581552000.0,10357.2,10500.0,9551.0,10230.0,52.55372297
1581638400.0,10216.5,10500.0,9451.0,10320.3,41.84471923
1581724800.0,10362.4,10500.0,9659.6,9899.1,34.00918953
1581811200.0,9894.6,10088.4,9631.5,9950.1,19.37777455
1581897600.0,9925.1,9933.0,9460.0,9684.6,10.84734391
1581984000.0,9694.8,10438.5,9603.1,10149.5,22.83685662
1582070400.0,10120.2,10217.3,9385.1,9589.5,45.92579105
1582156800.0,9611.4,9655.7,9420.0,9615.9,37.5564152
1582243200.0,9601.5,9743.9,8560.0,9670.9,20.57552681
1582329600.0,9694.8,9694.8,9494.2,9658.8,9.30354999
1582416000.0,9800.0,9970.5,9800.0,9950.0,8.9114606
1582502400.0,9947.0,9980.0,9483.0,9649.7,30.00250046
1582588800.0,9624.0,9636.0,9257.7,9318.6,30.8970806
1582675200.0,9304.3,9512.4,8508.0,8828.8,58.90910999
1582761600.0,8778.0,9293.1,8500.4,8782.6,66.52303279
1582848000.0,8812.8,8888.2,7211.0,8700.0,59.04220577
1582934400.0,8734.1,8765.1,8536.1,8551.5,10.42195251
1583020800.0,8539.2,8719.0,8415.3,8540.3,11.79477687
1583107200.0,8501.8,8954.6,8433.8,8889.9,37.23827378
1583193600.0,8859.7,8882.7,8652.6,8758.2,8.99393476
1583280000.0,8774.0,8833.0,8333.3,8750.2,76.32559703
1583366400.0,8769.7,9204.8,8465.0,9024.5,49.81799744
1583452800.0,9050.5,9700.0,8637.0,9138.0,67.21121729
1583539200.0,9138.0,9170.0,8859.3,8888.0,26.87715505
1583625600.0,8854.6,8854.6,7850.0,8025.0,39.62793601
1583712000.0,8034.0,8455.0,7550.1,7925.2,53.69906882
1583798400.0,7924.2,8154.3,7723.1,7911.3,42.41255066
1583884800.0,7903.4,7950.0,7600.0,7945.6,32.94608593
1583971200.0,7843.5,7843.5,4359.5,4851.0,449.53667571
1584057600.0,4823.0,6240.0,3883.8,5553.6,988.79391827
1584144000.0,5458.2,5657.5,4650.0,5066.5,121.8060737
1584230400.0,5110.0,5962.4,4327.0,5388.9,496.49849062
1584316800.0,5340.2,5349.9,4418.0,4964.6,170.62446542
1584403200.0,5026.7,5520.1,4970.3,5336.7,96.63367605
1584489600.0,5336.7,5410.7,5011.2,5374.7,109.61050564
1584576000.0,5410.9,6385.2,5295.1,6212.0,360.71536298
1584662400.0,6219.4,6900.0,5646.3,6127.8,153.34207965
1584748800.0,6188.0,6470.5,5911.2,6152.1,47.59090241
1584835200.0,6166.9,6385.7,5746.5,5840.4,38.82389068
1584921600.0,5773.8,6732.0,5710.0,6486.6,89.32622586
1585008000.0,6522.8,6795.4,6394.2,6747.3,137.99505627
1585094400.0,6645.3,6943.0,6451.7,6660.1,59.71825276
1585180800.0,6669.7,6754.5,6500.2,6750.0,63.259112710000004
1585267200.0,6774.2,6847.1,6262.3,6370.0,53.76343833
1585353600.0,6370.0,6370.0,6050.0,6224.1,68.61560694
1585440000.0,6221.5,6221.5,5868.9,5868.9,40.53056558
1585526400.0,5861.0,6580.0,5861.0,6420.0,34.52397724
1585612800.0,6452.8,6503.0,6324.6,6401.9,39.12713397
1585699200.0,6353.0,6680.0,6157.0,6624.8,62.96916494
1585785600.0,6664.5,7200.0,6566.9,6776.5,110.32802921
1585872000.0,6785.6,7042.1,6607.9,6766.9,30.50242693
1585958400.0,6721.4,6967.1,6670.3,6871.6,27.86905677
1586044800.0,6880.6,6886.4,6671.6,6774.7,36.15298132
1586131200.0,6805.1,7343.8,6000.0,7339.8,141.73928309
1586217600.0,7339.2,7449.5,7078.0,7195.6,99.41108186
1586304000.0,7195.1,8750.0,7166.0,7369.7,88.80446232999999
1586390400.0,7340.2,7413.6,7122.8,7317.7,31.25265174
1586476800.0,7299.0,7299.0,6728.2,6859.6,69.90471782
1586563200.0,6875.9,6940.3,6762.4,6856.2,47.05698554
1586649600.0,6898.0,7180.0,6785.0,6900.0,79.73514993
1586736000.0,6857.9,7200.0,5500.0,6823.0,125.16735257
1586822400.0,6851.5,6964.4,6771.7,6860.2,41.63762288
1586908800.0,6818.2,6908.6,6610.0,6627.3,44.12187619
1586995200.0,6620.8,7182.7,6488.4,7087.3,58.42971725
1587081600.0,7072.5,7145.3,6992.1,7051.8,58.37535223
1587168000.0,7042.5,7271.9,7040.2,7243.2,121.83747442
1587254400.0,7225.2,7237.1,7025.3,7126.4,37.13532215
1587340800.0,7130.0,7201.4,6766.0,6848.6,122.39594572
1587427200.0,6835.0,6929.2,6772.9,6848.4,46.86129789
1587513600.0,6840.0,7153.8,6820.9,7110.3,70.57644055
1587600000.0,7130.0,7738.6,7028.5,7450.0,120.91010564
1587686400.0,7510.0,7606.2,7360.6,7491.4,120.45958553
1587772800.0,7476.0,7688.0,7461.0,7541.3,49.57643106
1587859200.0,7545.0,7701.0,7494.7,7685.0,54.78964094
1587945600.0,7692.9,7777.0,7625.6,7770.0,71.53824959
1588032000.0,7717.6,7758.4,7666.2,7745.9,47.696226079999995
1588118400.0,7750.1,8939.3,7733.0,8721.3,301.17016987
1588204800.0,8775.1,9457.7,8347.0,8620.8,233.83571334
1588291200.0,8656.4,9058.4,8642.7,8827.4,71.986971
1588377600.0,8781.2,9006.6,8770.5,8913.1,34.585912210000004
1588464000.0,8989.1,9181.0,8731.4,8887.6,79.10657087
1588550400.0,8917.4,8943.4,8534.6,8830.6,98.8844393
1588636800.0,8900.5,9099.9,8777.0,9012.8,74.09341343
1588723200.0,9017.4,9392.3,8913.3,9168.5,83.27318824
1588809600.0,9097.7,10057.5,9037.1,9967.3,186.13510241
1588896000.0,9981.6,10010.0,9695.2,9825.5,126.04699533
1588982400.0,9783.1,9893.9,9500.4,9533.6,126.187037
1589068800.0,9533.6,9546.6,8006.0,8724.0,369.15183817
1589155200.0,8780.6,9150.0,7588.0,8576.5,177.98426531
1589241600.0,8570.4,8970.8,8567.8,8805.4,66.59055848
1589328000.0,8818.1,9400.0,8804.4,9317.7,148.73302861
1589414400.0,9337.5,9924.1,8500.0,9784.6,238.07550486
1589500800.0,9824.1,9977.2,9146.5,9311.9,175.68797773
1589587200.0,9316.7,9570.6,9234.0,9380.2,97.05594618
1589673600.0,9372.7,9888.6,9335.3,9655.7,66.97719382
1589760000.0,9717.5,9959.6,9325.3,9717.5,92.07236015
1589846400.0,9740.5,9884.3,9488.5,9786.4,67.24820847
1589932800.0,9768.6,9823.4,9339.1,9541.1,87.4270808
1590019200.0,9521.2,9577.9,8820.0,9047.0,119.46199123
1590105600.0,9034.9,9261.8,8947.8,9164.9,36.8375433
1590192000.0,9173.8,9320.5,9032.8,9168.5,62.59765398
1590278400.0,9185.6,9288.7,8646.0,8733.2,77.87470977
1590364800.0,8709.3,8954.3,8309.1,8889.3,121.54930341000001
1590451200.0,8900.0,9000.0,8730.0,8841.8,65.64606535
1590537600.0,8839.3,9209.7,8822.5,9189.2,52.35940151
1590624000.0,9200.5,9615.0,9112.0,9554.4,118.00577449000001
1590710400.0,9590.3,9593.6,9300.1,9418.5,154.26412385
1590796800.0,9400.0,9730.0,9344.6,9699.7,89.14559937
1590883200.0,9690.2,9690.2,9407.3,9456.7,45.67607791
1590969600.0,9443.1,10400.0,9442.4,10211.3,251.64225875
1591056000.0,10210.4,10227.3,9322.2,9512.5,213.24549508
1591142400.0,9506.1,9670.0,9400.0,9660.0,54.47009051
1591228800.0,9672.7,9861.6,9474.9,9819.9,68.1832246
1591315200.0,9796.9,9861.7,9576.5,9623.5,62.5908076
1591401600.0,9588.6,9737.4,9545.6,9680.5,16.8120369
1591488000.0,9647.1,9801.1,9365.8,9755.9,72.41521173
1591574400.0,9752.9,9900.0,9653.1,9777.6,81.03358564
1591660800.0,9795.0,9881.7,9555.4,9770.7,81.28318502
1591747200.0,9781.6,9985.3,9628.5,9864.8,157.09105328
1591833600.0,9881.9,9949.1,9137.4,9278.0,185.44207271
1591920000.0,9260.1,9549.1,9258.1,9470.2,160.91284172
1592006400.0,9464.1,9474.7,9384.1,9474.7,105.10684051
1592092800.0,9476.6,9476.7,9239.0,9365.2,73.41124887
1592179200.0,9321.8,9499.9,8920.0,9447.3,149.72884563
1592265600.0,9432.5,9583.2,9126.4,9526.9,172.00183744
1592352000.0,9525.0,9554.0,9252.5,9470.0,149.88714959
1592438400.0,9469.9,9476.9,9289.8,9399.9,80.3717461
1592524800.0,9380.9,9420.6,9241.5,9303.4,102.93877529
1592611200.0,9319.3,9387.5,9169.4,9362.2,35.89395671
1592697600.0,9369.7,9399.7,9288.2,9288.2,31.39732975
1592784000.0,9288.2,9770.1,9288.2,9677.1,174.48933805
1592870400.0,9690.0,9708.4,9580.6,9617.5,91.52824274
1592956800.0,9617.4,9665.5,9205.8,9296.0,153.45011207
1593043200.0,9305.7,9323.6,9028.0,9250.2,112.08188247
1593129600.0,9244.3,9278.6,9051.2,9165.8,108.90287511
1593216000.0,9144.9,9195.5,8820.0,8996.3,147.05084532
1593302400.0,9002.0,9182.1,8948.6,9110.4,31.73392242
1593388800.0,9105.9,9227.4,9019.0,9181.5,56.42146895
1593475200.0,9186.6,9197.4,9077.0,9135.0,51.76369146
1593561600.0,9135.0,9298.9,8954.5,9244.4,129.35939868
1593648000.0,9241.8,9265.2,8951.0,9106.4,118.60592142
1593734400.0,9078.6,9120.0,9043.9,9054.5,62.50875962
1593820800.0,9053.79999,9182.1,9042.2,9122.1,39.14410659
1593907200.0,9139.7,9141.5,8920.0,9078.2,51.33888644
1593993600.0,9073.2,9386.4,9073.2,9345.5,158.44203631
1594080000.0,9348.6,9365.0,9206.7,9246.0,88.72823788
1594166400.0,9240.0,9490.29999,9240.0,9411.5,116.11273587
1594252800.0,9416.6,9436.2,9150.0,9244.6,37.24471399
1594339200.0,9213.0,9326.2,9107.2,9295.0,89.36484693
1594425600.0,9277.6,9292.2,9186.1,9238.6,32.17281109
1594512000.0,9228.0,9330.5,9169.3,9288.4,40.33279924
1594598400.0,9319.1,9332.7,9204.6,9235.8,60.819020359999996
1594684800.0,9237.1,9277.5,9111.6,9262.6,98.00566544
1594771200.0,9259.4,9271.5,8256.0,9200.0,155.79295712
1594857600.0,9205.0,9234.7,9055.4,9138.7,133.59961043
1594944000.0,9125.3,9182.4,9086.0,9163.6,53.02390178
1595030400.0,9162.9,9191.2,9120.9,9170.0,19.248155960000002
1595116800.0,9175.0,9220.6,9121.0,9214.9,34.812230910000004
1595203200.0,9211.5,9211.5,9104.1,9167.4,71.00516438
1595289600.0,9167.4,9459.5,9080.29999,9356.6,211.28826705
1595376000.0,9381.4,9542.6,9286.7,9503.4,105.19027089
1595462400.0,9515.9,9648.0,9456.0,9602.5,89.49078101
1595548800.0,9603.79999,9626.4,9483.4,9524.0,84.0831176
1595635200.0,9541.0,9728.8,9541.0,9693.0,33.60755722
1595721600.0,9655.6,10131.2,9650.8,9924.8,91.14482841
1595808000.0,9928.6,11399.9,9928.6,11012.8,315.81260417
1595894400.0,11055.6,11232.4,10574.9,10953.1,238.41484964
1595980800.0,10904.1,11337.8,10847.5,11081.0,179.65178469
1596067200.0,11026.5,11169.5,10842.6,11049.3,154.12463056
1596153600.0,11100.0,11434.4,10957.8,11339.4,107.38453688
1596240000.0,11367.0,11850.0,11229.9,11799.7,141.19408867
1596326400.0,11793.6,12094.0,9615.0,11077.7,256.14451294
1596412800.0,11071.7,11457.1,10939.9,11225.2,145.78555292000001
1596499200.0,11217.1,11401.8,11000.1,11184.5,128.32044091
1596585600.0,11185.8,11793.9,11113.4,11742.8,218.65230547
1596672000.0,11746.8,11891.3,11560.3,11762.8,179.13407803
1596758400.0,11740.8,11896.0,11337.7,11542.0,183.52549963
1596844800.0,11552.9,11812.8,11492.6,11749.0,168.58111486
1596931200.0,11745.3,11789.3,11517.0,11666.5,44.86846528
1597017600.0,11691.9,12071.7,11550.0,11860.0,129.90906451
1597104000.0,11889.9,11923.4,11130.3,11381.1,130.4102705
1597190400.0,11387.8,11618.3,11168.9,11572.7,113.34628879
1597276800.0,11586.8,11768.8,11297.7,11767.9,88.79992224
1597363200.0,11767.9,11854.5,11638.7,11742.1,76.53708658
1597449600.0,11797.1,11979.3,11693.4,11865.3,57.9098348
1597536000.0,11850.0,11919.6,11685.8,11904.7,54.09428702
1597622400.0,11910.0,12442.0,11780.0,12311.5,224.57826772
1597708800.0,12314.6,12385.9,11803.2,11958.2,194.70294503
1597795200.0,11950.0,12000.4,11550.0,11723.6,158.47001551
1597881600.0,11801.4,11890.3,11680.0,11848.0,79.68801855
1597968000.0,11874.0,11874.0,11496.3,11506.2,138.65075357
1598054400.0,11499.2,11702.0,11363.6,11678.2,84.39521555
1598140800.0,11679.2,11712.9,11518.2,11651.5,41.08726114
1598227200.0,11620.1,11819.1,11595.0,11761.2,154.46853671
1598313600.0,11753.4,11759.0,10835.0,11337.9,192.55372692
1598400000.0,11322.1,11525.0,11241.8,11465.2,55.53560673
1598486400.0,11453.5,11565.9,11146.3,11302.9,110.88674539
1598572800.0,11331.4,11535.0,11287.7,11524.3,94.36904858
1598659200.0,11508.5,11571.6,11411.1,11474.8,54.27871655
1598745600.0,11461.4,11704.0,11459.6,11702.8,90.69892076000001
1598832000.0,11708.3,11780.1,11573.0,11664.7,91.84945112
1598918400.0,11658.9,12050.9,11537.7,11916.2,227.06216494
1599004800.0,11917.3,11950.3,11155.9,11390.9,275.3562901
1599091200.0,11376.1,11489.3,10000.0,10204.2,249.79800377
1599177600.0,10170.79999,10615.29999,9909.9,10464.0,150.91288924
1599264000.0,10474.6,10530.9,9850.1,10156.5,147.56933703
1599350400.0,10121.9,10339.9,10004.5,10266.4,57.62675271
1599436800.0,10277.2,10409.8,9877.9,10347.9,156.39914367
1599523200.0,10393.8,10427.4,9800.0,10084.7,202.46971012
1599609600.0,10119.6,10345.4,10000.0,10221.1,67.23487089
1599696000.0,10254.3,10476.7,10217.5,10330.0,116.70370896
1599782400.0,10367.0,10396.1,10206.7,10371.1,100.40029545
1599868800.0,10397.9,10577.9,10297.7,10424.8,129.698864
1599955200.0,10415.5,10573.7,10216.2,10312.1,65.39773914
1600041600.0,10330.0,10744.6,10280.2,10642.7,90.03001903
1600128000.0,10678.6,10925.0,10627.5,10794.4,93.13249674
1600214400.0,10749.1,11090.2,10667.7,10989.3,88.53369455
1600300800.0,10951.2,11042.2,10754.8,10930.1,204.41682544
1600387200.0,10948.0,11020.2,10800.2,10925.1,89.05327717
1600473600.0,10925.1,11165.0,10899.8,11092.6,55.57623072
1600560000.0,11065.6,11066.4,10788.6,10928.4,83.2321664
1600646400.0,10934.2,10981.5,10273.6,10441.7,197.03017332
1600732800.0,10433.7,10574.4,10371.1,10510.1,86.44420356
1600819200.0,10534.3,10542.4,10127.1,10228.8,120.14885121
1600905600.0,10236.9,10780.0,10212.7,10732.6,150.15724653
1600992000.0,10731.8,10753.5,10540.2,10687.6,89.24689333
1601078400.0,10696.1,10800.0,10656.5,10719.1,61.71117735
1601164800.0,10753.0,10789.6,10604.8,10775.1,32.29316581
1601251200.0,10776.5,10962.4,9688.1,10703.0,180.04146308
1601337600.0,10685.2,10893.2,10530.0,10846.5,167.08150733
1601424000.0,10851.4,10853.1,10675.1,10775.0,122.39937554
1601510400.0,10794.4,10949.2,10400.0,10608.2,231.16701499
1601596800.0,10607.9,10654.6,10394.7,10568.2,166.63631067
1601683200.0,10547.8,10595.0,10509.3,10546.9,25.15881505
1601769600.0,10546.8,10684.4,10520.1,10663.0,54.05916702
1601856000.0,10678.5,10781.1,10630.0,10781.1,61.24437336
1601942400.0,10776.6,10790.9,10527.7,10599.5,86.43082856
1602028800.0,10581.4,10677.1,10532.6,10668.5,61.61675307
1602115200.0,10652.2,10940.4,10556.1,10913.0,118.56188175
1602201600.0,10926.9,11088.7,10840.0,11056.8,125.37921118
1602288000.0,11056.5,11470.0,11047.6,11288.7,107.01148649
1602374400.0,11295.8,11429.6,11277.5,11365.1,35.71493756
1602460800.0,11365.6,11699.9,11185.3,11549.6,95.46343089
1602547200.0,11529.8,11555.4,11321.0,11425.4,94.54691033
1602633600.0,11431.6,11540.2,11298.4,11398.8,85.37363802
1602720000.0,11400.5,11600.0,11277.0,11504.1,86.5897022
1602806400.0,11492.2,11535.5,11211.4,11326.9,141.54644707
1602892800.0,11286.9,11375.7,11278.5,11356.3,29.299213690000002
1602979200.0,11356.3,11497.0,11356.3,11497.0,35.95228499
1603065600.0,11498.0,11838.9,11422.1,11747.0,185.74215548
1603152000.0,11747.0,12029.8,11696.0,11920.4,201.97495426
1603238400.0,11913.5,13216.6,11913.5,12824.5,393.16210312
1603324800.0,12873.4,13191.0,12691.6,12984.5,192.44401249
1603411200.0,12959.2,13019.9,12729.8,12958.7,129.74007972
1603497600.0,12922.7,13517.6,12848.0,13112.3,116.52589475
1603584000.0,13094.4,13355.9,12884.1,13040.1,83.17696796
1603670400.0,13024.3,13233.4,12795.0,13061.3,163.66311302
1603756800.0,13050.4,13750.0,13044.1,13639.0,252.67431918
1603843200.0,13633.8,13851.9,12900.0,13283.0,340.71248776
1603929600.0,13283.0,13622.9,12969.9,13459.8,281.618312
1604016000.0,13414.0,13653.6,13139.6,13572.2,128.21734463
1604102400.0,13542.4,14072.1,13410.0,13797.3,270.20118688
1604188800.0,13753.6,13854.7,13626.3,13729.1,101.99676017
1604275200.0,13762.1,13820.0,13227.0,13567.0,291.74996765
1604361600.0,13563.7,14095.2,13300.0,14011.1,160.38523892
1604448000.0,14026.0,14249.6,13550.0,14106.1,266.31413991
1604534400.0,14176.5,15713.0,14112.0,15592.3,615.32852412
1604620800.0,15592.3,15940.0,15212.7,15563.4,420.6047542
1604707200.0,15562.5,15749.9,14388.6,14801.8,390.55880201
1604793600.0,14819.7,15684.6,14729.5,15460.6,212.0684084
1604880000.0,15463.5,15836.1,14813.9,15323.2,390.46861524
1604966400.0,15330.0,15461.0,15034.3,15280.0,120.65053304
1605052800.0,15289.8,15967.2,15289.8,15675.2,223.24304195
1605139200.0,15664.1,16331.8,15455.0,16264.1,208.5477947
1605225600.0,16299.9,16472.0,15960.0,16321.9,255.05413317
1605312000.0,16321.9,16321.9,15636.0,16080.6,234.55629362
1605398400.0,16073.3,16138.0,15775.7,15945.4,46.56383491
1605484800.0,15886.4,16888.3,15886.4,16722.3,302.24422974
1605571200.0,16749.0,17836.2,16572.7,17653.8,388.19142064
1605657600.0,17650.0,18446.5,17128.0,17831.6,504.60243023
1605744000.0,17766.2,18161.6,17372.4,17806.8,184.08463288
1605830400.0,17800.0,18820.0,17784.2,18655.2,278.32036122
1605916800.0,18674.8,18945.0,18363.2,18689.0,142.41672071
1606003200.0,18693.6,18757.5,17618.8,18403.4,179.87509991
1606089600.0,18441.4,18737.2,18016.9,18393.0,155.73526748
1606176000.0,18350.0,19399.0,18052.9,19172.1,345.18925291
1606262400.0,19163.9,19480.5,18308.1,18740.7,215.24300121
1606348800.0,18712.7,18896.0,16100.0,17056.0,806.60995872
1606435200.0,17149.0,17471.1,16471.1,17119.5,216.75849455
1606521600.0,17142.7,17873.0,16878.6,17711.4,158.53764644
1606608000.0,17705.7,18341.3,17527.9,18179.9,224.57124557
1606694400.0,18210.6,19869.4,18195.1,19663.0,526.4931905
1606780800.0,19699.5,19888.3,18100.0,18779.9,492.17469381
1606867200.0,18756.5,19323.5,18356.0,19208.6,187.01856361
1606953600.0,19204.7,19582.9,18871.2,19426.0,193.81183042
1607040000.0,19420.6,19492.9,18515.8,18657.5,265.39902702
1607126400.0,18658.9,19180.5,18514.1,19153.6,129.47885966
1607212800.0,19155.0,19401.2,18858.2,19387.1,133.10955145
1607299200.0,19385.8,19407.9,18920.3,19164.8,129.04390325
1607385600.0,19174.7,19270.3,18205.4,18326.9,224.71089398
1607472000.0,18315.0,18656.5,17650.0,18548.8,354.3344693
1607558400.0,18550.5,18550.5,17944.9,18255.0,156.58945896
1607644800.0,18220.9,18220.9,17585.5,18039.1,304.67657062
1607731200.0,18035.2,18923.9,18026.4,18804.9,185.41065435
1607817600.0,18855.8,19396.7,18717.5,19176.9,198.01722846
1607904000.0,19160.3,19353.4,19044.1,19275.7,169.62249109
1607990400.0,19278.0,19550.0,19054.5,19445.5,220.24291692
1608076800.0,19442.4,21517.0,19300.6,21352.0,605.47718009
1608163200.0,21352.0,23779.0,18900.0,22827.7,939.10606204
1608249600.0,22814.1,23274.1,22330.8,23123.7,302.98661757
1608336000.0,23155.9,24200.0,22809.2,23850.7,228.20795239
1608422400.0,23824.2,24281.9,23098.6,23463.6,300.00501935
1608508800.0,23464.0,24093.5,21950.3,22754.0,458.24819977
1608595200.0,22726.5,23828.0,22389.2,23828.0,236.23379082
1608681600.0,23814.7,24090.0,22650.0,23249.7,351.67519675
1608768000.0,23219.5,23774.1,22729.4,23731.8,228.09007963
1608854400.0,23739.2,24808.9,23443.1,24659.6,204.11503647
1608940800.0,24761.7,26840.0,24515.2,26468.9,510.80946641
1609027200.0,26537.7,28383.7,25520.0,26272.8,548.08516542
1609113600.0,26266.4,27482.4,26132.6,27074.7,317.01289689
1609200000.0,27087.8,27400.0,25888.5,27400.0,229.28402941
1609286400.0,27397.2,28981.0,27243.9,28855.9,356.48124202
1609372800.0,28864.7,29288.5,27900.0,28966.6,222.39652824
1609459200.0,28932.6,29609.7,28656.0,29319.9,186.52302557
1609545600.0,29307.0,33194.3,24242.0,32171.6,748.45815823
1609632000.0,32177.9,34732.3,32000.3,32986.7,547.62020052
1609718400.0,33052.0,33572.0,28000.0,31984.4,771.03443314
1609804800.0,32000.0,34408.2,29870.7,33952.7,504.03012477
1609891200.0,33978.5,36899.9,33370.7,36787.4,471.78856921
1609977600.0,36802.2,40329.9,32220.0,39418.0,635.16465507
1610064000.0,39489.0,41895.0,36500.0,40590.8,550.21354243
1610150400.0,40610.2,41326.6,38770.0,40135.6,269.17506095
1610236800.0,40135.6,41306.9,34800.0,38188.7,653.04092529
1610323200.0,38157.5,38210.9,30140.2,35447.5,930.49833462
1610409600.0,35447.5,36746.7,32587.7,34228.9,452.56640911
1610496000.0,33929.1,37777.0,32429.0,37359.6,386.95730651
1610582400.0,37380.6,40104.3,36775.1,39216.3,313.54609589
1610668800.0,39216.3,39683.1,32645.0,36800.0,558.86580547
1610755200.0,36800.0,37912.3,35390.3,36034.5,207.44383596
1610841600.0,36000.0,36860.3,33890.0,35823.9,251.65511037
1610928000.0,35892.9,37554.7,34769.3,36576.0,192.86960671
1611014400.0,36663.3,37819.5,35874.1,35874.1,180.87333033
1611100800.0,35852.6,36332.1,33402.2,35514.0,303.23148098
1611187200.0,35490.7,35598.4,30100.0,30800.5,471.40894366
1611273600.0,30765.4,33793.8,28665.0,33031.6,430.56024395000003
1611360000.0,32956.6,33439.5,31420.3,32060.4,142.86454742
1611446400.0,32069.0,33036.2,30912.0,32293.6,142.1706146
1611532800.0,32265.6,34821.4,31911.0,32268.9,301.79386918
1611619200.0,32227.8,32915.2,30866.1,32500.0,193.54632663
1611705600.0,32505.1,32515.3,29137.1,30350.0,422.41161749
1611792000.0,30374.6,33757.3,29900.0,33322.8,334.17438835
1611878400.0,33373.7,38500.0,31925.1,34297.3,667.95652672
1611964800.0,34227.7,34875.0,32903.6,34200.0,342.12564587
1612051200.0,34275.1,34310.2,32171.2,33146.1,184.41293745
1612137600.0,33061.5,34641.4,32300.0,33562.4,300.84087223
1612224000.0,33501.6,35988.9,33453.0,35509.4,302.66697626
1612310400.0,35467.2,37666.8,35402.7,37621.5,270.50656146
1612396800.0,37628.8,38690.1,36200.0,36976.7,294.55978981
1612483200.0,36929.8,38345.7,36601.0,38275.3,155.89249728
1612569600.0,38295.2,40918.7,38241.6,39220.0,361.14431218
1612656000.0,39200.1,39650.0,37223.7,38792.5,349.72417769
1612742400.0,38826.8,46701.6,38014.1,46361.6,650.8318212
1612828800.0,46438.0,48147.3,45023.4,46412.3,406.7832631
1612915200.0,46548.1,47270.5,43700.3,44863.5,272.60017097
1613001600.0,44840.1,48624.1,44000.0,47992.2,413.59350092
1613088000.0,48000.0,48900.0,46084.5,47396.8,262.50527389
1613174400.0,47454.4,48084.0,46299.9,47152.9,173.96649189
1613260800.0,47214.3,49662.0,46822.1,48660.6,548.66104504
1613347200.0,48577.9,48955.5,45747.6,47927.1,348.31948759
1613433600.0,47928.0,50550.0,47065.9,49116.1,355.27726697
1613520000.0,49180.4,52587.9,48984.0,52146.2,386.34429433
1613606400.0,52134.2,52499.8,50952.8,51578.4,154.58943335
1613692800.0,51583.6,56288.4,50700.0,55896.5,375.73789472
1613779200.0,55940.5,57532.4,53593.0,55915.0,242.83761138
1613865600.0,55864.0,58299.9,55492.8,57420.7,159.73205897
1613952000.0,57468.5,59300.0,45000.0,54061.2,894.31074863
1614038400.0,54112.9,54134.0,44500.0,48911.9,849.513626
1614124800.0,48561.8,51371.6,46887.6,49658.7,409.92269708
1614211200.0,49732.3,52029.2,46718.1,47108.9,338.63021621
1614297600.0,47060.4,48420.4,44168.0,46343.5,325.20566856
1614384000.0,46296.9,48333.3,45036.9,46115.0,165.23503961
1614470400.0,46066.3,46604.4,43060.8,45053.8,254.87981689
1614556800.0,45222.6,49767.3,44981.7,49598.0,326.69498871
1614643200.0,49602.7,50222.6,47053.3,48344.9,211.27105647
1614729600.0,48376.5,52570.5,48107.8,50399.6,367.37508443
1614816000.0,50338.6,51734.7,47549.3,48399.9,331.45824787
1614902400.0,48333.0,49422.7,46359.0,48797.9,494.48246114
1614988800.0,48818.8,49204.9,47121.3,48892.5,323.22651376
1615075200.0,48898.5,51414.4,48898.5,50981.2,522.19283489
1615161600.0,50979.7,52345.0,49158.9,52345.0,316.10529036
1615248000.0,52350.0,54870.0,51900.0,54870.0,669.75183154
1615334400.0,54870.0,57327.3,53004.5,55988.3,638.48589893
1615420800.0,56005.3,58070.6,54300.0,57746.1,588.51690162
1615507200.0,57796.9,57967.6,55077.5,57295.2,549.16280543
1615593600.0,57254.2,61783.8,56100.1,61250.7,437.92787443
1615680000.0,61181.9,61658.9,59036.7,59036.7,348.05750629
1615766400.0,59036.9,60605.6,54100.0,55593.0,467.1653324
1615852800.0,55615.5,56895.0,53305.5,56894.9,421.94247868
1615939200.0,56895.0,59000.0,54200.1,59000.0,328.49593487
1616025600.0,59000.0,60050.8,57053.0,57656.1,355.09298194
1616112000.0,57666.8,59459.3,56287.7,58067.1,194.53571889
1616198400.0,58020.0,59872.3,57825.1,58050.3,210.66865078
1616284800.0,58070.4,58561.2,55558.3,57381.2,126.56007902
1616371200.0,57387.3,58372.0,53688.9,54108.2,299.36257815
1616457600.0,54043.9,55810.0,53035.8,54367.7,255.31247519000001
1616544000.0,54298.1,57133.0,51678.9,52338.3,308.2882737
1616630400.0,52328.2,53172.5,50505.0,51420.7,341.70499428
1616716800.0,51279.3,55036.9,51279.3,55036.9,245.28734487
1616803200.0,55018.1,56581.6,53964.4,55827.8,162.71259599
1616889600.0,55849.8,56501.6,54706.8,55758.3,125.00182307
1616976000.0,55795.0,58396.9,54956.1,57623.0,261.35719499
1617062400.0,57647.4,59334.9,57070.7,58702.4,132.96054875000002
1617148800.0,58775.4,59776.9,56888.1,58720.4,252.48263559
1617235200.0,58740.9,59438.4,57799.9,58718.9,144.72695003
1617321600.0,58715.9,60136.9,58500.2,58984.0,185.64097629
1617408000.0,58978.3,59771.1,56917.8,57024.0,104.18020344
1617494400.0,57017.3,58486.6,56500.0,58207.4,63.30195987
1617580800.0,58227.5,59213.0,56833.5,59063.9,215.62705684
1617667200.0,59095.2,59449.9,57423.5,57984.2,197.35629936
1617753600.0,57988.6,58612.9,55300.0,55910.5,230.81829798
1617840000.0,55946.8,58098.3,55750.0,58057.6,141.50952533
1617926400.0,58061.8,58881.4,57400.0,58133.3,121.66513811
1618012800.0,58124.9,61211.4,57925.7,59761.1,252.5770789
1618099200.0,59873.4,60675.0,59274.8,59948.9,88.50704953
1618185600.0,60047.6,61254.0,59450.2,59936.3,167.55932129
1618272000.0,59851.1,63681.3,59836.8,63527.0,371.59431602
1618358400.0,63549.8,64777.6,61373.4,62944.6,321.98671663
1618444800.0,63000.0,63787.1,62071.9,63189.2,202.33858373
1618531200.0,63216.2,63523.8,59874.3,61378.2,387.77053552
1618617600.0,61373.5,62468.0,59500.0,60043.9,188.5093629
1618704000.0,60006.7,60362.7,51904.8,56178.7,1015.10086635
1618790400.0,56202.8,57508.5,54246.3,55639.2,367.21296455
1618876800.0,55650.1,57041.7,53371.5,56419.8,383.44782661
1618963200.0,56478.9,56728.0,53619.6,53804.1,205.00228747
1619049600.0,53804.4,55409.7,48500.0,51776.1,572.92909649
1619136000.0,51659.7,52095.6,47580.7,51126.7,1038.3860301
1619222400.0,51130.2,51166.9,48679.8,49978.2,359.64323291
1619308800.0,50086.9,50555.2,46500.0,48999.5,425.11863157
1619395200.0,49087.2,54333.4,48762.0,53987.9,374.30741261000003
1619481600.0,53987.5,55400.0,53298.1,54999.9,218.72476415
1619568000.0,54999.9,56390.3,53802.8,54825.5,411.15846706
1619654400.0,54848.5,55143.2,52390.2,53545.5,158.22137563
1619740800.0,53545.4,57856.3,53070.4,57723.5,300.1937611
1619827200.0,57696.5,58428.0,57015.0,57801.8,194.29467423
1619913600.0,57803.7,57874.4,56011.0,56593.4,80.47168306
1620000000.0,56573.3,58900.0,56520.0,57121.8,188.51480189
1620086400.0,57169.9,57194.1,53111.0,53286.6,423.28348938
1620172800.0,53177.8,57973.3,52969.4,57400.7,1105.6388289
1620259200.0,57431.4,58369.5,55195.5,56387.4,264.01440324
1620345600.0,56402.9,58637.5,55299.8,57308.5,275.70613738000003
1620432000.0,57321.2,59420.7,56987.7,58862.3,238.48619451
1620518400.0,58884.9,59200.0,56298.3,58203.7,272.6776027
1620604800.0,58306.2,59468.1,53900.4,55809.3,400.99620824
1620691200.0,55817.0,56840.0,54500.0,56674.9,291.53295773
1620777600.0,56678.2,57946.1,48124.0,48723.6,548.15592037
1620864000.0,49368.5,51347.1,46444.0,49678.3,1008.66734866
1620950400.0,49676.3,51427.0,48858.3,49834.6,234.46863502
1621036800.0,49832.7,50640.3,46608.9,46705.9,437.73057172
1621123200.0,46751.3,49760.0,43850.2,46394.1,763.51353804
1621209600.0,46417.5,46606.2,42100.0,43552.3,905.7982499
1621296000.0,43549.1,45750.0,42252.6,42944.1,584.12743866
1621382400.0,42967.8,43485.3,29795.7,36708.2,3447.01726844
1621468800.0,36785.2,42415.9,34782.6,40623.6,1455.73054024
1621555200.0,40492.8,42155.4,33326.7,37267.5,1431.9782113
1621641600.0,37266.6,38792.2,35220.2,37493.5,702.20526088
1621728000.0,37391.1,38230.9,31120.3,34678.1,1478.36563798
1621814400.0,34678.1,39875.3,34387.4,38728.8,1175.47575871
1621900800.0,38658.1,39875.0,36465.1,38427.4,606.02051028
1621987200.0,38361.1,40800.0,37824.0,39231.2,565.69537936
1622073600.0,39226.3,40376.2,37179.4,38504.3,352.2405817
1622160000.0,38530.0,38824.1,34727.8,35630.7,955.88203443
1622246400.0,35689.2,37268.6,33666.6,34587.9,477.93024862
1622332800.0,34498.4,36441.7,33417.5,35680.3,243.498161
1622419200.0,35581.2,37461.9,34200.0,37272.5,480.85696594
1622505600.0,37235.2,37885.0,35750.0,36653.8,403.65903292
1622592000.0,36699.6,38180.6,35940.2,37553.0,305.31165971
1622678400.0,37503.8,39464.6,37228.4,39206.3,211.77817217
1622764800.0,39219.4,39275.1,35610.1,36816.0,620.59378875
1622851200.0,36930.0,37893.9,34700.0,35532.9,395.7285916
1622937600.0,35487.2,36426.0,35263.0,35823.5,145.7797906
1623024000.0,35773.7,36761.7,33351.0,33588.3,593.5970001
1623110400.0,33523.4,34020.9,31035.5,33378.4,834.42521968
1623196800.0,33318.4,37495.0,32416.2,37278.2,631.55485448
1623283200.0,37392.0,38416.2,35812.4,36628.5,501.38610303
1623369600.0,36670.6,37636.5,35950.0,37286.8,223.36715104
1623456000.0,37335.4,37461.5,34674.8,35496.8,208.3298325
1623542400.0,35536.2,39363.8,34800.0,39013.0,441.26624943
1623628800.0,39067.5,41071.4,38765.4,40515.1,674.65585862
1623715200.0,40520.3,41327.0,39550.1,40151.5,362.95330593
1623801600.0,40159.6,40493.6,38131.4,38335.0,508.4953831
1623888000.0,38321.9,39550.2,37362.4,38051.8,440.28604725
1623974400.0,37979.3,38171.6,34196.3,35796.9,444.52610588
1624060800.0,35791.0,36446.8,34863.0,35504.6,309.85333615
1624147200.0,35498.1,36080.1,33334.7,35609.6,375.97252321
1624233600.0,35561.5,35713.9,31251.8,31684.7,905.0997047
1624320000.0,31626.6,33270.1,28844.6,32532.7,1681.16375688
1624406400.0,32450.1,34794.6,32324.0,33619.9,712.73708996
1624492800.0,33646.1,35255.0,32326.2,34679.4,889.97273041
1624579200.0,34678.9,35499.1,31269.4,31583.9,877.46677958
1624665600.0,31574.5,32681.7,30147.9,32271.6,953.14708106
1624752000.0,32276.8,34700.0,32016.1,34699.9,386.87057959
1624838400.0,34696.2,35500.0,33894.3,34421.4,337.35039419
1624924800.0,34479.5,36564.6,34242.3,35834.0,457.48354819
1625011200.0,35907.4,36080.1,34062.1,35030.9,652.61756734
1625097600.0,35018.6,35018.6,32730.0,33537.8,354.17654268
1625184000.0,33536.4,33941.8,32701.2,33822.1,374.43103050999997
1625270400.0,33797.0,34914.4,33356.7,34681.8,199.55876339
1625356800.0,34662.1,35935.0,34400.7,35316.1,145.70968563
1625443200.0,35294.5,35294.5,33160.7,33692.3,301.42338709
1625529600.0,33703.3,35061.0,33418.5,34290.0,481.6218494
1625616000.0,34219.5,35019.8,33815.7,33826.5,328.60906056
1625702400.0,33826.4,33922.6,32117.0,32896.2,271.9677572
1625788800.0,32855.1,34077.0,32300.1,33815.6,158.87043909
1625875200.0,33789.6,34229.2,33059.0,33515.1,178.59488241
1625961600.0,33527.0,34597.1,33342.1,34248.8,157.03961253
1626048000.0,34216.2,34637.8,32691.1,33131.7,224.22549022
1626134400.0,33115.5,33312.8,32217.8,32698.3,198.04601107
1626220800.0,32730.9,33076.1,31600.0,32795.0,350.11489996
1626307200.0,32853.6,33160.4,31165.1,31843.4,473.11818623
1626393600.0,31880.0,32220.5,31053.3,31415.2,276.90291826
1626480000.0,31388.7,31922.8,31186.4,31523.6,146.35066062
1626566400.0,31506.0,32402.8,31141.9,31774.2,150.9058718
1626652800.0,31788.9,31867.4,30475.1,30818.2,293.17171778
1626739200.0,30827.5,31021.1,29300.3,29779.9,436.96895781
1626825600.0,29779.9,32778.2,29518.7,32134.7,353.25175383
1626912000.0,32118.1,32566.4,31748.0,32263.3,156.18392018
1626998400.0,32270.6,33603.5,32024.0,33603.5,192.10833845
1627084800.0,33617.3,34481.1,33405.7,34256.7,278.93091078
1627171200.0,34257.3,35388.8,33863.5,35388.7,229.65066703
1627257600.0,35287.1,40536.3,35285.4,37273.3,879.71785845
1627344000.0,37273.0,39500.0,36408.2,39464.2,584.67682194
1627430400.0,39460.6,40858.3,38802.8,40003.2,491.76785085
1627516800.0,40038.3,40610.0,39315.1,39982.0,370.80828787
1627603200.0,40015.3,42275.8,38338.0,42200.0,472.66317116
1627689600.0,42188.7,42352.9,41038.2,41430.7,397.62025608
1627776000.0,41466.7,42560.8,39127.1,39887.0,977.63514107
1627862400.0,39880.5,40461.0,38707.0,39205.6,537.34508059
1627948800.0,39158.3,39738.2,37622.2,38211.9,925.44973478
1628035200.0,38202.5,40008.1,37546.8,39762.0,470.86005934
1628121600.0,39728.9,41351.5,37352.0,40856.8,738.41133955
1628208000.0,40880.6,43317.6,39925.5,42839.7,812.74225215
1628294400.0,42841.5,44666.0,42480.6,44526.2,452.1143553
1628380800.0,44577.4,45332.3,43278.3,43770.4,767.88482406
1628467200.0,43814.2,46435.2,42816.2,46325.1,606.46904504
1628553600.0,46277.9,46648.2,44626.3,45571.3,228.43840923
1628640000.0,45590.9,46701.0,45388.6,45563.9,230.30835598
1628726400.0,45553.1,46167.3,43810.6,44404.4,329.14149567
1628812800.0,44400.6,47850.0,44261.8,47807.0,322.70084601
1628899200.0,47826.5,48160.1,46047.0,47074.7,221.88926554
1628985600.0,47106.0,47344.3,45518.0,47009.9,201.11001554
1629072000.0,47006.0,48000.0,45699.9,46010.3,421.17070549
1629158400.0,45882.5,47112.6,44443.6,44622.9,282.43055941
1629244800.0,44669.3,45966.3,44234.0,44742.4,251.68935535
1629331200.0,44741.6,47003.2,43948.6,46739.4,272.50813713
1629417600.0,46746.6,49342.8,46687.9,49297.3,495.79717634
1629504000.0,49316.4,49750.0,48263.1,48885.8,421.13649266
1629590400.0,48841.6,49471.9,48050.0,49258.2,180.77313391
1629676800.0,49289.0,50470.0,49070.0,49511.0,431.54225589
1629763200.0,49511.0,49821.0,47627.1,47726.7,191.68780277
1629849600.0,47667.4,49219.4,47154.4,48935.2,200.66147496
1629936000.0,48981.5,49344.8,46331.6,46882.2,301.93028148
1630022400.0,46851.2,49104.9,46363.4,49072.2,172.72640998
1630108800.0,49058.8,49275.5,48388.2,48853.9,98.63760533
1630195200.0,48899.6,49576.9,47820.8,48791.4,241.32196849
1630281600.0,48782.5,48828.8,46858.9,47022.8,268.03630756
1630368000.0,46964.2,48200.0,46706.0,47088.6,222.72790436
1630454400.0,47103.8,49051.0,46560.6,48818.2,372.92426799
1630540800.0,48858.0,50337.5,48642.1,49315.2,524.5333542
1630627200.0,49266.5,51000.1,48343.0,50005.7,439.05971529
1630713600.0,50005.5,50528.3,49395.1,49961.9,173.69518861
1630800000.0,49937.9,51860.0,49500.0,51733.3,260.93142329
1630886400.0,51754.2,52723.0,51007.4,52650.1,320.95940501
1630972800.0,52701.3,52876.2,42936.9,46817.5,1075.28201566
1631059200.0,46830.2,47291.6,44478.6,46055.2,394.95066971
1631145600.0,46055.5,47329.8,45573.8,46362.0,205.05662867
1631232000.0,46449.6,47000.0,44160.2,44855.7,329.95496598
1631318400.0,44893.8,45972.0,44789.1,45105.3,131.42065678
1631404800.0,45186.7,46409.9,44794.5,46090.1,115.82760289
1631491200.0,46028.7,46836.3,43405.7,44945.0,581.98248305
1631577600.0,44957.2,47221.7,44670.3,47080.0,291.59495807
1631664000.0,47083.7,48428.3,46750.6,48112.9,322.28101784
1631750400.0,48120.0,48477.2,47059.4,47760.1,246.48279651
1631836800.0,47759.6,48117.1,46773.5,47209.8,188.75287735
1631923200.0,47284.0,48763.7,47115.7,48329.2,211.18843759
1632009600.0,48297.9,48299.5,46867.2,47215.2,129.66983187
1632096000.0,47322.9,47322.9,42500.0,42871.4,704.64671403
1632182400.0,43025.7,43598.0,39555.3,40700.0,810.93707838
1632268800.0,40700.0,43975.0,40583.8,43547.7,381.21073284
1632355200.0,43517.4,44922.3,43081.4,44864.3,270.81800669
1632441600.0,44867.4,45112.7,40750.0,42801.1,455.82117868
1632528000.0,42812.5,42932.8,41645.4,42709.8,102.60511192
1632614400.0,42639.4,43887.3,40791.1,43160.1,209.87759435
1632700800.0,43113.0,44301.3,42140.9,42198.9,234.63571993
1632787200.0,42158.6,42739.6,40882.4,40934.2,238.19227176
1632873600.0,40995.3,42551.6,40800.0,41546.9,212.19370816
1632960000.0,41524.5,44101.5,41446.6,43824.0,274.57980867
1633046400.0,43804.5,48423.4,43309.9,48149.1,845.09290211
1633132800.0,48130.8,48300.0,47466.3,47720.9,165.82236151
1633219200.0,47641.3,49187.1,47138.1,48181.1,228.42544317
1633305600.0,48190.3,49491.8,46865.8,49227.5,306.38402978
1633392000.0,49222.6,51875.6,49082.3,51495.4,334.81754197
1633478400.0,51465.6,55728.0,50405.6,55323.9,565.05100516
1633564800.0,55330.8,55332.0,53409.2,53765.2,292.60956978
1633651200.0,53790.8,56040.0,53671.5,53879.0,232.82521018
1633737600.0,53908.5,55425.8,53713.5,54957.8,149.34983809
1633824000.0,54957.8,56473.9,54115.0,54728.1,236.68716461
1633910400.0,54679.5,57781.5,54396.3,57450.1,252.1317457
1633996800.0,57437.4,57624.7,54000.0,56000.0,377.46739606
1634083200.0,56016.6,57706.2,54300.3,57382.6,272.33958212
1634169600.0,57369.7,58532.4,56840.3,57324.3,323.31668295000003
1634256000.0,57289.4,62840.3,56865.3,61693.8,656.39810372
1634342400.0,61671.8,62337.8,60207.3,60871.3,187.28895789
1634428800.0,60894.4,61638.6,59017.3,61552.6,235.70184995
1634515200.0,61566.8,62651.8,59919.6,62027.4,237.36339843
1634601600.0,62000.0,64420.3,61435.1,64246.7,359.35046346
1634688000.0,64280.2,67745.9,63556.9,66015.8,415.27642207
1634774400.0,66009.5,66599.9,62081.0,62224.3,499.29676417
1634860800.0,62189.7,63699.4,60021.8,60701.3,300.80314157
1634947200.0,60694.7,61733.3,59689.0,61328.9,131.10742222
1635033600.0,61353.3,61480.9,59525.0,60892.1,118.47551687
1635120000.0,60872.6,63693.2,60716.0,63075.3,220.82453242
1635206400.0,63088.1,63273.6,59850.1,60326.2,224.36772262
1635292800.0,60330.8,61454.8,58095.6,58522.6,365.70360808
1635379200.0,58469.3,62443.4,57777.7,60555.4,447.63572236
1635465600.0,60574.8,62971.0,60266.6,62228.2,216.99236217
1635552000.0,62257.6,62323.9,60800.0,61850.0,81.82960307
1635638400.0,61850.0,62388.2,60020.0,61311.1,109.96768386
1635724800.0,61301.2,62430.6,58600.0,60903.0,245.39754587
1635811200.0,60896.2,64238.8,60661.0,63183.1,408.47227946
1635897600.0,63201.5,63478.4,60500.0,62932.9,554.40910396
1635984000.0,62932.8,63067.2,60729.1,61413.8,325.42285348
1636070400.0,61401.3,62552.2,60717.1,60966.6,160.06693357
1636156800.0,60948.2,61500.0,60095.4,61450.0,114.20118997
1636243200.0,61472.6,63265.2,61335.0,63252.7,138.05977611
1636329600.0,63270.7,67756.5,63270.7,67512.1,655.10805919
1636416000.0,67517.7,68588.3,66311.1,66938.8,272.96323815
1636502400.0,66969.5,68996.6,63000.0,64945.0,665.53811819
1636588800.0,64842.1,65568.3,64168.6,64805.0,156.98965636
1636675200.0,64802.3,65409.8,62314.9,64314.5,229.89069227
1636761600.0,64128.2,64946.0,63423.0,64442.5,114.86111196
1636848000.0,64459.0,65488.6,63616.4,65459.5,116.41823491
1636934400.0,65488.7,66302.0,63435.5,63553.9,190.80425895
1637020800.0,63545.1,63545.1,58400.0,60083.7,443.28586114
1637107200.0,60082.4,60771.1,58426.2,60333.4,232.37894483
1637193600.0,60318.7,60900.0,56500.0,56966.2,370.16314306
1637280000.0,56953.3,58317.4,55619.0,58072.3,197.09487294
1637366400.0,58112.6,59831.0,57420.0,59713.1,212.14532819000001
1637452800.0,59729.3,60024.6,58550.0,58664.8,134.12131899
1637539200.0,58679.3,59355.1,55662.7,56260.5,257.93733314
1637625600.0,56263.2,57969.8,55433.4,57572.8,194.50986898
1637712000.0,57572.8,57726.5,55941.7,57171.8,140.36258094
1637798400.0,57205.3,59367.9,57046.9,58924.0,317.05399721
1637884800.0,58954.1,59130.5,53550.0,53572.8,579.24755665
1637971200.0,53805.1,55245.7,53616.9,54777.8,125.67451851
1638057600.0,54569.2,57443.0,53333.0,57282.6,200.26694396
1638144000.0,57284.4,58813.6,56739.6,57786.1,262.55466114
1638230400.0,57787.5,59142.3,55900.0,56971.9,251.66804096
1638316800.0,56964.1,58998.0,56443.3,57197.1,348.08331183
1638403200.0,57185.0,57378.7,55810.0,56480.3,284.84418628
1638489600.0,56495.1,57577.8,51742.0,53540.4,492.30956863
1638576000.0,53617.6,53848.1,43000.0,49214.1,1281.84438039
1638662400.0,49330.2,49665.4,47765.2,49294.9,247.90886875
1638748800.0,49400.5,50892.9,47184.6,50506.0,364.7719346
1638835200.0,50450.9,51872.1,50050.0,50586.5,265.1167491
1638921600.0,50604.8,51130.2,48500.0,50439.2,394.25394232
1639008000.0,50530.9,50743.7,47338.9,47554.2,196.97981631
1639094400.0,47570.1,50039.5,46898.0,47152.3,263.31695507
1639180800.0,47148.7,49493.8,46807.9,49344.7,102.14413399
1639267200.0,49392.5,50734.0,48691.0,50081.5,111.59713873
1639353600.0,50132.5,50157.4,45784.0,46689.5,386.42725337
1639440000.0,46711.4,48622.8,46337.7,48369.8,184.42602229
1639526400.0,48352.5,49466.8,45500.0,48862.0,464.7821776
1639612800.0,48874.0,49415.6,47538.8,47586.7,237.10468798
1639699200.0,47625.0,48008.7,45506.9,46125.1,214.29755575
1639785600.0,46144.9,47336.2,45525.0,46826.7,458.94913228
1639872000.0,46785.2,48265.4,46464.0,46683.1,336.12120293
1639958400.0,46600.9,47480.0,45590.0,46874.1,1021.10207829
1640044800.0,46921.7,49304.3,46662.5,48927.2,299.970905
1640131200.0,48899.1,49555.0,48454.9,48603.3,119.77247561
1640217600.0,48618.9,51386.4,48064.4,50754.0,237.24508686000001
1640304000.0,50824.8,51792.5,50337.6,50797.1,209.73478847
1640390400.0,50796.0,51097.6,50211.3,50400.0,60.31656245
1640476800.0,50414.4,51229.4,49480.9,50795.3,146.14886003
1640563200.0,50789.0,52052.0,50492.9,50678.0,165.20405611
1640649600.0,50677.9,50677.9,47337.5,47537.4,295.79612543
1640736000.0,47546.4,48106.1,46143.7,46445.6,305.9383326
1640822400.0,46445.7,47880.6,45992.0,47116.4,156.65408545
1640908800.0,47120.0,48558.8,45680.0,46213.2,174.90781484
1640995200.0,46214.4,47921.4,46214.4,47754.7,95.89368505
1641081600.0,47735.3,47934.0,46704.5,47338.4,113.56398911
1641168000.0,47295.8,47523.9,45700.2,46429.7,143.41567054
1641254400.0,46443.4,47486.7,45560.7,45902.0,166.19557358
1641340800.0,45877.9,47016.7,42500.0,43455.0,473.00251212
1641427200.0,43443.4,43752.7,42446.0,43119.2,505.73291832
1641513600.0,43117.0,43117.1,40683.2,41547.2,738.86376047
1641600000.0,41559.2,42292.5,40531.0,41695.0,238.85938193
1641686400.0,41688.6,42807.0,41200.5,41872.5,100.96597641
1641772800.0,41855.0,42242.6,39651.1,41804.6,457.77426864
1641859200.0,41846.6,43078.0,41301.1,42689.0,231.12395975
1641945600.0,42703.9,44269.1,42483.0,43917.1,306.79665233000003
1642032000.0,43917.1,44400.6,42323.0,42546.8,168.25190066
1642118400.0,42565.1,43413.8,41805.2,43085.7,189.20858487
1642204800.0,43151.5,43781.7,42598.4,43138.9,73.76700004
1642291200.0,43093.1,43450.0,42600.3,43086.0,57.16034005
1642377600.0,43116.4,43169.4,41556.1,42235.3,171.75221035
1642464000.0,42244.9,42646.6,41303.2,42363.8,135.35560943
1642550400.0,42398.6,42523.1,41185.6,41682.7,257.23491246
1642636800.0,41661.2,43505.2,40547.9,40727.6,205.09309989
1642723200.0,40646.3,41077.2,35494.3,36479.1,900.68286451
1642809600.0,36509.0,36814.2,34000.0,35020.3,537.53752724
1642896000.0,35080.3,36483.2,34637.1,36259.1,230.84061792
1642982400.0,36216.1,37483.3,32977.0,36649.6,621.62809394
1643068800.0,36635.7,37500.0,35718.5,36925.4,329.44587888
1643155200.0,36978.5,38900.0,36281.6,36799.9,306.96634566
1643241600.0,36774.0,37211.1,35514.8,37140.1,279.7598312
1643328000.0,37138.9,37972.7,36163.1,37729.0,174.47014425
1643414400.0,37712.3,38687.6,37341.2,38168.4,115.25345672
1643500800.0,38129.9,38318.3,37372.0,37893.3,102.37998088
1643587200.0,37914.6,38717.6,36673.2,38496.8,192.11468406
1643673600.0,38461.1,39303.1,38037.4,38712.5,224.67838849
1643760000.0,38715.0,38844.0,36562.0,36911.6,200.48248568
1643846400.0,36878.8,37327.2,36284.8,37320.4,183.04503021
1643932800.0,37313.1,41711.5,37062.0,41569.9,356.64571673
1644019200.0,41558.4,41899.5,40925.3,41427.4,292.68534883
1644105600.0,41449.3,42618.2,41065.2,42379.6,103.93433481
1644192000.0,42427.9,44525.5,41690.6,43861.7,344.02898358
1644278400.0,43867.9,45445.6,42709.0,44037.8,310.7194032
1644364800.0,44076.7,44770.0,43139.9,44367.8,227.64499769
1644451200.0,44382.3,45780.0,43202.7,43508.6,288.35079545
1644537600.0,43508.7,43950.0,42007.0,42357.4,373.13368186
1644624000.0,42386.4,43051.2,41750.1,42217.8,196.6545852
1644710400.0,42192.9,42715.4,41857.7,42061.7,121.23377215
1644796800.0,42079.8,42824.7,41586.4,42604.9,183.57776334
1644883200.0,42557.1,44722.6,42444.1,44520.2,202.84942399
1644969600.0,44552.5,44552.6,43341.0,43886.2,137.97246892
1645056000.0,43882.2,44133.1,40066.0,40570.6,311.04890449
1645142400.0,40509.4,40932.3,39457.0,39983.1,229.42246804
1645228800.0,39975.0,40421.0,39657.6,40114.9,136.11338465
1645315200.0,40095.1,40114.2,38023.0,38355.0,216.30593487
1645401600.0,38355.0,39455.5,36800.0,37064.3,389.76638021
1645488000.0,37061.0,38397.0,36330.5,38243.0,272.52494543
1645574400.0,38267.6,39200.0,37101.2,37230.8,193.42025125
1645660800.0,37233.5,39699.9,34350.0,38344.4,834.92502914
1645747200.0,38359.4,39663.2,38040.1,39190.3,331.9051082
1645833600.0,39211.9,40233.9,38580.0,39067.2,149.07997126
1645920000.0,39100.7,39887.4,37018.3,37710.0,283.32925424
1646006400.0,37698.1,44201.0,37485.7,43186.3,557.28706441
1646092800.0,43178.8,44947.0,42742.3,44392.2,981.45436249
1646179200.0,44392.2,45314.3,43357.7,43910.8,329.62301863
1646265600.0,43873.3,44067.7,41804.0,42489.2,394.26309662
1646352000.0,42444.6,42533.9,38580.0,39162.1,409.58763522
1646438400.0,39151.8,39584.4,38610.8,39401.4,167.86862699
1646524800.0,39379.6,39660.6,38111.0,38424.9,252.0746698
1646611200.0,38401.5,39509.8,37166.1,38016.0,392.29608169
1646697600.0,38023.6,39368.5,37888.0,38736.3,330.4984499
1646784000.0,38748.5,42527.9,38666.9,41954.3,578.07867968
1646870400.0,41949.1,41994.5,38305.2,39400.2,405.83757776
1646956800.0,39428.8,40192.1,38236.8,38760.0,326.04575081
1647043200.0,38734.8,39407.0,38664.2,38805.8,157.69616921
1647129600.0,38786.7,39265.2,37608.7,37778.2,191.28049091
1647216000.0,37769.3,39900.0,37593.5,39664.6,436.40206402
1647302400.0,39645.0,39855.0,38149.8,39332.6,251.09627995
1647388800.0,39292.7,41703.1,38878.4,41118.5,811.50631557
1647475200.0,41121.9,41445.7,40533.3,40964.9,186.876942
1647561600.0,40909.8,42301.5,40191.5,41767.6,269.08087504
1647648000.0,41752.2,42366.3,41518.4,42192.6,127.15630077
1647734400.0,42211.4,42258.9,40929.0,41210.8,189.73531563
1647820800.0,41245.9,41532.3,40513.4,41088.2,151.1727205
1647907200.0,41015.3,43300.0,40905.6,42356.6,413.02759355
1647993600.0,42350.1,42985.0,41750.0,42888.4,183.31002492
1648080000.0,42887.3,44188.0,42647.3,43981.8,271.08655828
1648166400.0,43958.8,45068.3,43638.6,44301.6,412.12165732
1648252800.0,44304.9,44770.0,44110.0,44528.1,145.27631991
1648339200.0,44525.3,46896.6,44437.1,46833.1,253.55768128
1648425600.0,46833.2,48150.0,46672.1,47103.9,456.28061098
1648512000.0,47132.9,48061.6,46963.2,47447.4,318.2419906
1648598400.0,47420.9,47735.5,46558.4,47026.2,217.57769055
1648684800.0,47053.9,47568.6,45224.1,45498.7,321.70533836
1648771200.0,45500.3,46707.0,44270.0,46250.0,279.7691733
1648857600.0,46250.0,47175.4,45655.0,45809.1,152.47560758
1648944000.0,45827.5,47414.2,45568.3,46429.3,127.37350605
1649030400.0,46312.0,46856.0,45123.1,46602.1,252.21090515
1649116800.0,46585.1,47157.5,45400.0,45505.1,327.77704543
1649203200.0,45451.8,45499.8,43111.8,43164.8,418.44441864
1649289600.0,43156.9,43877.4,42750.1,43442.3,240.55160908
1649376000.0,43420.1,43936.5,42090.5,42299.9,263.77021425
1649462400.0,42252.5,42782.7,42063.2,42782.7,145.20503117
1649548800.0,42782.7,43405.9,41906.8,42093.4,129.29288897
1649635200.0,42102.4,42376.9,39221.0,39460.1,366.16617538
1649721600.0,39523.2,40638.5,39267.5,40111.2,402.20772445
1649808000.0,40052.9,41500.0,39607.7,41159.2,205.16276065
1649894400.0,41074.2,41477.9,39627.2,39940.1,295.96638136
1649980800.0,39916.2,40831.4,39755.9,40548.3,134.76136825
1650067200.0,40547.9,40673.5,40009.0,40366.3,85.07430686
1650153600.0,40358.1,40603.8,39547.0,39716.7,136.39568538
1650240000.0,39682.6,41067.9,38562.0,40802.0,322.55793838
1650326400.0,40802.0,41730.0,40578.6,41510.0,227.66707386
1650412800.0,41497.5,42169.0,40914.8,41354.6,261.82440863
1650499200.0,41360.7,42937.8,39818.7,40486.8,451.63575769
1650585600.0,40482.2,40777.3,39213.0,39751.9,322.73380056
1650672000.0,39714.0,39990.0,39274.0,39454.7,96.81742854000001
1650758400.0,39442.5,39929.7,39027.0,39455.5,141.00885665
1650844800.0,39451.6,40558.6,38225.8,40446.5,815.65732732
1650931200.0,40440.2,40792.3,37748.9,38118.2,442.77999298
1651017600.0,38125.2,39455.8,37910.4,39218.4,279.96106232
1651104000.0,39218.5,40359.4,38900.2,39734.9,261.44085014
1651190400.0,39735.0,39887.6,38160.5,38574.9,224.83662677
1651276800.0,38610.4,38772.1,37610.0,37640.2,187.11904438
1651363200.0,37632.3,38650.0,37363.1,38464.8,138.16992488
1651449600.0,38507.4,39129.0,38056.8,38495.2,262.82440899
1651536000.0,38507.2,38645.8,37537.3,37722.2,171.04139853
1651622400.0,37723.0,39987.3,37714.4,39680.3,245.20917455
1651708800.0,39685.5,39800.0,35611.2,36566.1,674.00869334
1651795200.0,36551.7,36666.6,35293.0,36013.2,288.80980154
1651881600.0,36013.3,36121.4,34822.1,35485.3,209.61537713
1651968000.0,35481.3,35481.5,33714.5,34100.0,351.86240884
1652054400.0,34054.6,34222.7,30050.0,30096.5,1295.47551131
1652140800.0,30072.4,32671.1,29775.0,31021.5,904.01664163
1652227200.0,31021.7,32126.8,27820.0,29045.9,1255.32167003
1652313600.0,29103.6,30212.0,26654.3,29010.6,1514.03912562
1652400000.0,29038.2,31036.5,28765.1,29284.2,628.77983116
1652486400.0,29284.3,30361.1,28644.7,30139.2,871.53982334
1652572800.0,30092.1,31431.1,29507.5,31333.3,200.94802462
1652659200.0,31319.2,31319.2,29110.0,29847.9,427.11881958
1652745600.0,29841.3,30753.4,29484.0,30442.0,266.70544003
1652832000.0,30442.1,30688.5,28666.9,28666.9,258.56189972
1652918400.0,28723.0,30522.0,28690.1,30318.4,371.14959033
1653004800.0,30318.8,30750.0,28750.1,29213.0,427.98425444
1653091200.0,29202.6,29625.3,28970.5,29456.3,79.42629480000001
1653177600.0,29438.3,30455.0,29284.4,30295.4,274.92114456
1653264000.0,30295.8,30647.3,28902.0,29107.0,351.52960359
1653350400.0,29107.0,29832.6,28700.0,29671.0,199.07207243
1653436800.0,29646.7,30209.9,29355.8,29581.0,338.94612022
1653523200.0,29559.3,29877.2,28040.7,29206.7,508.18159891
1653609600.0,29200.9,29377.6,28215.3,28606.6,365.97647324999997
1653696000.0,28640.9,29223.4,28549.9,29030.5,112.71468466
1653782400.0,29030.6,29580.6,28840.0,29440.0,154.82050858
1653868800.0,29466.4,32217.6,29312.4,31741.0,604.7575754
1653955200.0,31738.8,32366.4,31249.4,31792.2,382.74832271
1654041600.0,31811.1,31970.0,29323.2,29790.0,391.63668909
1654128000.0,29790.0,30677.5,29624.6,30452.4,342.96555314
1654214400.0,30450.4,30677.6,29323.1,29710.9,288.97783961
1654300800.0,29720.0,29961.2,29489.8,29847.8,131.83744792
1654387200.0,29847.7,30203.4,29545.9,29920.6,181.77095612
1654473600.0,29920.6,31750.8,29912.0,31378.8,323.209268
1654560000.0,31378.8,31553.8,29213.6,31119.1,461.37807648
1654646400.0,31118.9,31290.9,29875.8,30208.8,365.84022413
1654732800.0,30219.5,30677.7,29923.2,30107.2,179.93592959
1654819200.0,30100.7,30351.5,28865.6,29093.4,396.56074246000003
1654905600.0,29087.8,29440.0,28138.6,28370.5,204.91547893
1654992000.0,28449.0,28531.0,26591.0,26591.0,397.92184792
1655078400.0,26591.0,26862.1,21958.2,22459.9,1138.9104814
1655164800.0,22459.9,23324.2,20860.0,22227.9,709.086907
1655251200.0,22136.3,23456.0,20135.9,22576.3,1430.44120804
1655337600.0,22576.4,22976.7,20253.1,20387.7,383.63170126
1655424000.0,20388.9,21354.9,20265.3,20445.5,270.29076507
1655510400.0,20455.9,20771.0,17630.0,19001.5,707.20449288
1655596800.0,18992.9,20801.8,17981.8,20595.9,332.62563367
1655683200.0,20562.1,21049.3,19662.1,20580.8,388.0141757
1655769600.0,20576.7,21700.0,20398.6,20721.7,375.2525667
1655856000.0,20721.7,20887.4,19757.0,19976.8,397.45935671
1655942400.0,19972.1,21199.1,19894.2,21096.9,336.86347714
1656028800.0,21110.4,21540.4,20752.7,21220.2,324.33515456
1656115200.0,21239.8,21596.0,20936.0,21504.8,185.98234881
1656201600.0,21491.8,21858.5,20999.0,21013.9,138.49631978
1656288000.0,21042.7,21515.5,20522.1,20723.0,223.33287495
1656374400.0,20737.1,21199.9,20219.1,20284.8,244.92221031
1656460800.0,20274.6,20411.7,19882.0,20117.8,305.85435677
1656547200.0,20122.5,20152.8,18659.5,19926.9,585.98746025
1656633600.0,19836.8,20901.0,18986.1,19284.3,358.76957876
1656720000.0,19287.5,19446.3,19000.0,19255.0,141.71574008
1656806400.0,19255.0,19656.0,18787.1,19320.6,156.6883791
1656892800.0,19321.7,20329.8,19064.1,20242.0,244.49319979
1656979200.0,20240.9,20748.0,19315.9,20189.3,372.88257702
1657065600.0,20184.1,20600.0,19787.8,20566.9,292.79003253
1657152000.0,20569.1,21832.0,20270.1,21637.1,337.75614662
1657238400.0,21627.1,22487.3,21200.0,21619.6,299.71342403
1657324800.0,21605.5,21975.5,21344.4,21597.9,117.62442134
1657411200.0,21597.9,21607.6,20675.1,20845.2,257.62723403
1657497600.0,20833.3,20833.3,19904.6,19952.9,380.08636473
1657584000.0,19961.1,20050.7,19260.3,19302.0,306.09954112
1657670400.0,19323.7,20324.2,18936.7,20253.8,296.30379759
1657756800.0,20238.4,20874.3,19654.1,20586.6,204.40796955
1657843200.0,20590.1,21196.8,20386.1,20844.0,343.48403002
1657929600.0,20826.9,21564.4,20479.9,21207.5,122.61368368
1658016000.0,21198.7,21652.1,20768.4,20772.0,84.80372258
1658102400.0,20791.2,22751.6,20773.8,22501.3,235.24046035
1658188800.0,22426.5,23803.1,21600.1,23385.0,780.61453757
1658275200.0,23366.5,24248.0,22902.0,23186.0,361.32488308
1658361600.0,23211.0,23406.0,22364.8,23184.6,306.80928879
1658448000.0,23150.7,23739.4,22512.9,22703.7,225.35165088
1658534400.0,22699.8,22978.4,21955.0,22458.9,158.37113966
1658620800.0,22484.8,22998.7,22298.1,22595.3,63.50707239
1658707200.0,22584.1,22625.2,21275.7,21306.8,175.50709785
1658793600.0,21303.4,21315.6,20725.6,21249.7,249.99069358
1658880000.0,21251.0,23089.3,21049.3,22959.3,268.81006713
1658966400.0,22952.1,24173.0,22600.0,23855.1,342.24333587
1659052800.0,23845.6,24400.0,23424.5,23774.0,408.50478745
1659139200.0,23782.5,24655.3,23520.7,23635.2,229.41556612
1659225600.0,23623.9,24171.8,23233.9,23305.6,200.42280783
1659312000.0,23318.0,23500.0,22860.2,23267.7,232.76901877
1659398400.0,23224.2,23427.2,22669.3,22971.1,220.8021592
1659484800.0,22980.4,23622.0,22700.0,22819.2,280.63408088
1659571200.0,22801.0,23200.1,22412.7,22615.2,219.27902784
1659657600.0,22617.5,23448.4,22614.2,23286.7,340.48336825
1659744000.0,23311.6,23329.9,22931.8,22936.4,61.25916733
1659830400.0,22948.5,23408.0,22861.1,23174.3,93.66177496
1659916800.0,23171.9,24235.0,23171.9,23796.5,282.4880726
1660003200.0,23816.4,23905.9,22880.0,23149.5,306.5242354
1660089600.0,23140.1,24224.3,22678.2,23950.6,371.05023816
1660176000.0,23949.9,24887.6,23878.9,23950.1,292.68824564
1660262400.0,23951.4,24438.2,23610.0,24396.7,153.94099482000001
1660348800.0,24400.0,24878.4,24317.5,24410.3,102.97312395
1660435200.0,24441.1,25002.8,24163.1,24289.7,190.7552536
1660521600.0,24290.0,25196.3,23800.5,24079.3,260.52218892
1660608000.0,24088.0,24224.2,23686.5,23861.5,194.82071406
1660694400.0,23854.8,24426.9,23193.3,23334.1,428.96284214
1660780800.0,23340.7,23588.4,23130.4,23206.2,286.3021382
1660867200.0,23200.0,23200.0,20806.0,20831.8,736.21171779
1660953600.0,20854.2,21348.4,20774.5,21150.3,167.50547502999999
1661040000.0,21148.4,21768.2,21083.2,21526.9,115.96725047
1661126400.0,21512.6,21521.3,20911.1,21414.1,517.21234616
1661212800.0,21401.7,21664.3,20901.6,21516.1,203.74789055
1661299200.0,21529.7,21883.4,21170.9,21365.6,325.04948659
1661385600.0,21361.8,21797.4,21328.6,21563.3,263.27672653
1661472000.0,21563.3,21859.2,20132.6,20185.4,552.1241476
1661558400.0,20217.5,20353.1,19825.6,20032.8,220.95504204
1661644800.0,20025.5,20147.7,19530.6,19552.0,198.89565123
1661731200.0,19554.0,20438.9,19554.0,20294.7,445.0622597
1661817600.0,20251.2,20554.7,19558.0,19787.7,273.92001354
1661904000.0,19826.7,20475.9,19814.5,20036.8,329.24852567
1661990400.0,20039.4,20198.5,19579.5,20134.1,297.4493398
1662076800.0,20133.9,20430.0,19770.4,19978.9,333.66647
1662163200.0,19950.0,20050.2,19667.3,19834.0,94.52564545999999
1662249600.0,19817.4,20016.0,19601.2,20002.4,136.41699517
1662336000.0,20005.7,20045.4,19652.1,19782.7,301.26723643
1662422400.0,19800.6,20172.2,18676.7,18805.0,684.58419649
1662508800.0,18804.4,19446.5,18560.0,19287.7,416.99076537999997
1662595200.0,19303.2,19445.7,19020.2,19325.4,426.11508622
1662681600.0,19314.6,21572.1,19296.2,21370.5,549.31339011
1662768000.0,21366.4,21788.1,21116.9,21664.4,341.82089516
1662854400.0,21649.8,21871.2,21368.4,21827.3,199.41549526
1662940800.0,21827.7,22480.8,21569.2,22386.5,673.16359708
1663027200.0,22391.8,22773.1,19900.0,20173.6,712.11733946
1663113600.0,20170.9,20527.4,19634.1,20223.5,304.48001116
1663200000.0,20214.7,20319.8,19519.1,19682.9,322.73233688
1663286400.0,19705.0,19883.9,19205.8,19788.2,302.86757167999997
1663372800.0,19800.6,20206.6,19764.3,20130.4,206.15892573
1663459200.0,20069.8,20092.2,19364.2,19394.8,210.55151506
1663545600.0,19451.3,19667.4,18265.8,19543.7,603.85291338
1663632000.0,19532.1,19620.0,18730.9,18875.8,428.28735533
1663718400.0,18875.1,19883.9,18170.4,18458.4,594.16337202
1663804800.0,18460.5,19506.3,18378.8,19400.6,384.2154547
1663891200.0,19428.3,19475.5,18549.5,19290.3,315.35635924
1663977600.0,19299.3,19299.3,18815.2,18929.5,97.27193821
1664064000.0,18940.1,19160.8,18663.0,18813.6,150.13723742
1664150400.0,18788.8,19299.0,18705.0,19233.5,197.96421299
1664236800.0,19222.4,20362.9,18834.4,19109.3,370.88437242
1664323200.0,19085.8,19750.0,18495.3,19404.4,397.00244737
1664409600.0,19404.4,19621.0,18863.6,19602.5,368.82121781
1664496000.0,19599.4,20170.0,19180.0,19415.2,420.96918614
1664582400.0,19414.8,19478.5,19180.0,19309.8,166.85024452
1664668800.0,19304.1,19379.2,18936.7,19046.6,103.03319374
1664755200.0,19050.0,19697.0,18972.0,19599.3,334.72485979
1664841600.0,19609.1,20450.0,19504.4,20334.8,409.96959078
1664928000.0,20326.4,20330.8,19750.0,20157.9,251.5126768
1665014400.0,20147.2,20429.8,19888.1,19958.5,388.64496697
1665100800.0,19960.0,20053.2,19340.7,19545.7,393.12725303999997
1665187200.0,19527.8,19620.0,19263.4,19417.7,128.02105556
1665273600.0,19416.4,19547.9,19331.0,19439.8,103.71507216
1665360000.0,19417.5,19517.0,19042.0,19131.5,330.96656992
1665446400.0,19102.0,19253.7,18875.8,19058.6,326.15574527
1665532800.0,19069.2,19230.5,18980.1,19152.8,240.06555171
1665619200.0,19153.1,19491.7,18154.3,19383.1,702.42843869
1665705600.0,19376.8,19926.9,19081.0,19184.9,275.57924155
1665792000.0,19186.8,19212.6,19000.1,19066.3,95.4614931
1665878400.0,19084.6,19406.5,19084.6,19264.3,119.80675805
1665964800.0,19262.5,19664.7,19167.2,19549.7,453.49396468
1666051200.0,19563.3,19705.6,19106.6,19328.4,401.23647502
1666137600.0,19340.7,19340.7,19083.1,19105.0,185.59350262
1666224000.0,19128.1,19331.2,18905.9,19048.4,306.68451645
1666310400.0,19042.7,19241.8,18666.7,19164.1,438.94449988
1666396800.0,19164.9,19238.6,19125.0,19205.2,121.78829271000001
1666483200.0,19205.0,19671.6,19100.0,19568.2,160.20095567
1666569600.0,19568.2,19583.9,19170.9,19335.5,304.06352217
1666656000.0,19308.4,20392.6,19252.2,20080.0,458.9749333
1666742400.0,20082.4,20997.1,20066.8,20763.6,437.7353582
1666828800.0,20757.5,20849.7,20219.9,20290.9,287.9148016
1666915200.0,20279.5,20735.8,20004.5,20591.8,317.0568894
1667001600.0,20591.8,21059.9,20574.7,20810.5,131.40418702
1667088000.0,20810.1,20914.0,20526.7,20618.0,98.82138408
1667174400.0,20637.9,20814.7,20251.3,20496.4,352.15991275
1667260800.0,20468.1,20673.9,20355.0,20490.0,320.09562394
1667347200.0,20485.9,20800.0,20067.0,20147.5,348.58386729
1667433600.0,20148.8,20381.0,20062.1,20209.3,379.70867904
1667520000.0,20206.2,21285.9,20189.3,21143.6,478.88607355
1667606400.0,21160.2,21462.7,21102.0,21305.0,105.61944147999999
1667692800.0,21299.3,21360.5,20904.1,20907.6,131.94939297
1667779200.0,20904.3,21049.1,20405.0,20589.8,261.05421487
1667865600.0,20580.0,20664.3,17168.0,18509.9,1270.96324893
1667952000.0,18544.6,18586.0,15564.1,15905.6,1589.12648883
1668038400.0,15883.7,18180.5,15782.1,17607.9,1018.41899459
1668124800.0,17586.6,17680.0,16385.1,17066.1,523.4240647
1668211200.0,17079.5,17109.3,16646.1,16801.9,89.84457077
1668297600.0,16809.0,16949.4,16255.0,16330.3,340.96217009
1668384000.0,16323.4,17160.0,15825.4,16618.8,483.9848184
1668470400.0,16607.8,17115.2,16551.5,16901.9,593.14693803
1668556800.0,16903.6,16993.5,16389.7,16675.4,377.09273348
1668643200.0,16687.5,16753.6,16426.1,16700.8,256.40585101
1668729600.0,16715.3,17001.0,16553.9,16703.7,494.83418225
1668816000.0,16707.9,16810.4,16568.8,16709.7,167.55107868
1668902400.0,16708.3,16742.1,16169.7,16280.7,244.21878517
1668988800.0,16263.0,16307.5,15499.0,15786.0,706.9196721
1669075200.0,15776.8,16290.5,15615.6,16216.6,566.88056188
1669161600.0,16232.2,16686.1,16169.9,16617.1,393.93598910000003
1669248000.0,16611.7,16799.6,16472.2,16622.8,304.4069024
1669334400.0,16604.8,16604.8,14886.0,16534.9,414.63915098
1669420800.0,16521.6,16693.0,16386.5,16456.9,101.07758512
1669507200.0,16462.3,16597.5,16412.4,16429.3,95.69177438
1669593600.0,16418.3,16484.7,16017.5,16216.0,386.64872041
1669680000.0,16209.7,16535.7,16119.9,16432.6,341.43661632
1669766400.0,16444.5,17243.5,16434.9,17172.0,444.1844072
1669852800.0,17167.5,18760.0,16863.6,16971.5,358.37400936
1669939200.0,16974.5,17100.0,16800.0,17083.8,338.54060813
1670025600.0,17081.2,17138.1,16868.8,16892.5,107.74034863
1670112000.0,16888.2,17181.9,16883.3,17118.7,126.98787611
1670198400.0,17091.6,17421.1,16872.7,16965.7,502.29739385
1670284800.0,16965.7,17104.9,16918.9,17088.9,429.17759711
1670371200.0,17092.2,17115.1,16676.1,16833.1,626.61525749
1670457600.0,16836.3,17297.8,16753.4,17229.1,398.01593244
1670544000.0,17229.0,17495.0,17073.2,17124.1,579.65150305
1670630400.0,17127.6,17218.2,17105.9,17120.3,74.18509393
1670716800.0,17126.3,17256.4,17082.6,17096.1,112.67928741
1670803200.0,17082.1,17239.6,16870.1,17209.1,661.3785363
1670889600.0,17214.6,17995.0,17096.6,17771.5,394.37064316
1670976000.0,17778.3,18365.0,17656.6,17805.0,386.54155742
1671062400.0,17810.5,17842.9,17288.5,17360.6,366.50645061
1671148800.0,17363.6,18497.0,16539.2,16635.4,489.41925365
1671235200.0,16632.9,16787.9,16592.7,16779.9,151.0577873
1671321600.0,16781.2,16850.0,16676.4,16745.5,104.77615329
1671408000.0,16745.6,16816.2,16281.8,16436.7,356.56931666
1671494400.0,16441.8,17047.3,16412.6,16908.4,377.19559889
1671580800.0,16902.3,16926.2,16741.1,16824.7,482.17899417
1671667200.0,16824.5,16867.4,16577.9,16821.3,414.8833126
1671753600.0,16817.5,17128.5,16750.0,16778.8,324.68315662
1671840000.0,16780.0,16859.3,16777.7,16838.1,76.01391421
1671926400.0,16837.3,16850.5,16731.1,16832.9,86.16912522
1672012800.0,16834.2,16935.7,16800.0,16915.7,100.05731239
1672099200.0,16919.6,16964.3,16600.1,16706.0,294.77983009
1672185600.0,16707.0,16767.7,16466.8,16550.4,266.73763739
1672272000.0,16549.8,16656.9,16499.5,16638.0,187.69561805
1672358400.0,16637.2,18150.0,16350.0,16605.2,744.04744948
1672444800.0,16605.2,16640.6,16479.7,16538.7,129.11977769
1672531200.0,16540.3,16626.3,16503.8,16612.7,107.84872522
1672617600.0,16621.4,16782.7,16565.0,16674.4,315.73274096
1672704000.0,16672.4,16961.9,16610.7,16674.7,460.39129889000003
1672790400.0,16677.0,16993.3,16662.0,16858.4,314.58853007
1672876800.0,16861.0,16875.8,16771.7,16834.9,397.92684306
1672963200.0,16833.3,17033.6,16697.0,16950.2,180.71367193
1673049600.0,16952.3,16975.1,16902.3,16946.7,79.31234658
1673136000.0,16951.3,17159.4,16920.1,17119.4,62.5233909
1673222400.0,17129.7,17393.3,17114.0,17177.2,413.22316861
1673308800.0,17182.1,17493.0,17150.5,17446.1,457.08997771
1673395200.0,17440.6,17980.7,17327.0,17945.2,318.37615099
1673481600.0,17957.4,19097.2,17912.5,18854.9,742.59112089
1673568000.0,18854.8,21000.0,18729.9,19926.3,500.543007
1673654400.0,19928.7,21339.0,19896.6,20950.9,561.51487274
1673740800.0,20959.7,21029.9,20538.7,20879.3,282.41235427
1673827200.0,20837.2,21456.9,20572.1,21168.2,498.24159796
1673913600.0,21152.1,21600.0,20856.4,21140.5,296.48071614
1674000000.0,21133.8,21655.6,20307.6,20678.5,468.14524147
1674086400.0,20673.4,21179.6,20673.4,21100.0,269.56221656
1674172800.0,21080.7,22732.8,20880.6,22674.8,436.40375031
1674259200.0,22631.9,23349.0,22451.3,22774.5,387.52994184
1674345600.0,22762.5,23063.4,22272.9,22714.8,171.47663064
1674432000.0,22705.0,23160.2,22495.0,22922.6,408.27271853999997
1674518400.0,22921.2,23160.1,22481.9,22625.4,310.38241148
1674604800.0,22612.8,23791.9,22343.0,23060.8,450.01083622
1674691200.0,23077.6,23263.6,22850.0,23012.9,543.54403684
1674777600.0,23013.6,23480.8,22556.9,23056.0,261.32314445000003
1674864000.0,23063.5,23171.3,22895.0,23026.7,55.4428872
1674950400.0,23027.1,23940.9,22984.9,23762.4,223.47620284
1675036800.0,23740.4,23808.4,22511.0,22830.9,291.66591543
1675123200.0,22824.3,23283.8,22744.2,23127.6,249.32110447
1675209600.0,23133.7,23800.7,22786.3,23716.8,388.88174655
1675296000.0,23724.5,24239.5,23417.8,23474.6,385.51486570000003
1675382400.0,23498.7,23717.0,23222.4,23435.2,254.04570712
1675468800.0,23434.6,23577.2,23277.4,23327.7,143.91595513
1675555200.0,23321.0,23427.7,22773.3,22946.6,134.06244222
1675641600.0,22940.0,23147.1,22632.8,22755.6,256.42187932
1675728000.0,22754.8,23335.1,22750.1,23254.6,204.36634367
1675814400.0,23251.1,23459.2,22700.0,22934.6,245.66288425
1675900800.0,22967.9,23003.2,21701.7,21792.9,463.11991996
1675987200.0,21795.4,21932.5,21466.3,21637.5,299.64750428
1676073600.0,21622.6,21903.2,21607.9,21858.7,111.51730264
1676160000.0,21883.5,22077.2,21648.6,21788.0,124.67233738
1676246400.0,21775.9,21881.8,21324.9,21788.6,316.23702406
1676332800.0,21751.4,22300.0,21300.0,22205.3,458.03301713
1676419200.0,22193.8,24367.7,22047.1,24329.1,452.6022651
1676505600.0,24333.3,25239.3,23505.7,23518.2,734.32564949
1676592000.0,23532.4,24999.9,23359.0,24571.6,380.52826518
1676678400.0,24566.0,24856.4,24449.5,24632.4,109.64313524
1676764800.0,24633.9,25168.7,24198.2,24270.2,150.60588282
1676851200.0,24261.8,25098.6,23827.6,24803.3,245.61463524
1676937600.0,24829.8,25296.4,24164.5,24445.3,365.39559459
1677024000.0,24442.4,24451.5,23595.5,24190.8,427.50429851
1677110400.0,24192.2,24596.2,23632.5,23939.8,408.45625026
1677196800.0,23927.5,24129.7,22851.9,23189.2,260.26213133
1677283200.0,23194.2,23203.0,22770.0,23170.3,107.2564414
1677369600.0,23159.0,23673.5,23070.0,23554.6,128.61516379
1677456000.0,23557.9,23879.8,23129.9,23489.9,289.61747396
1677542400.0,23493.8,23584.9,23044.8,23121.5,331.5419006
1677628800.0,23148.0,23970.7,23025.2,23648.3,287.19853169
1677715200.0,23634.1,23772.4,23205.6,23454.6,186.52214399
1677801600.0,23454.7,23454.7,21979.6,22348.8,456.63959994
1677888000.0,22343.9,22399.5,22178.2,22349.1,61.04411736
1677974400.0,22348.1,22644.0,22208.2,22430.5,93.32623527
1678060800.0,22433.9,22587.7,22279.9,22409.4,180.98310274
1678147200.0,22415.1,22523.4,21944.1,22200.5,331.62355266000003
1678233600.0,22210.1,22263.3,21615.0,21695.1,252.51518142
1678320000.0,21697.7,21810.2,20070.0,20344.1,515.19159254
1678406400.0,20363.4,20363.4,19574.2,20158.1,555.79824794
1678492800.0,20161.6,20693.2,19800.0,20458.9,1592.02031168
1678579200.0,20448.9,22102.9,20268.1,21999.5,660.35696499
1678665600.0,22003.3,24492.8,21814.3,24101.7,1364.80838128
1678752000.0,24117.1,26390.0,23988.1,24671.5,1315.79736833
1678838400.0,24693.9,25204.3,23883.1,24243.1,705.83907043
1678924800.0,24270.4,25142.5,24145.7,24999.5,500.11050247000003
1679011200.0,24987.3,27737.5,24902.9,27373.8,849.64440924
1679097600.0,27397.5,28682.0,26130.6,26885.3,600.27456391
1679184000.0,26919.4,28367.5,26828.7,27952.8,325.30068083
1679270400.0,27984.1,28464.1,27144.4,27714.8,688.57413324
1679356800.0,27715.5,28406.8,27307.9,28117.9,385.28529003
1679443200.0,28103.3,28875.0,26626.1,27248.4,843.56086211
1679529600.0,27244.1,28735.8,27135.9,28289.7,631.98652207
1679616000.0,28290.0,28357.9,27000.0,27446.0,643.6672473
1679702400.0,27461.6,27789.1,27180.0,27467.2,143.85642778
1679788800.0,27460.2,28176.8,27423.0,27971.4,270.45685415
1679875200.0,27962.7,28025.7,26523.1,27131.7,425.25114631
1679961600.0,27124.5,27477.6,26646.0,27248.0,338.96939988
1680048000.0,27287.0,28616.6,27253.8,28348.5,577.7060032
1680134400.0,28347.6,29171.0,27708.6,28032.7,521.12876481
1680220800.0,28028.5,28635.9,27522.3,28473.8,559.8398303
